cve_id,cvss_vector,asset,asset_criticality
CVE-2021-44228,CVSS:3.1/AV:N/AC:L/PR:N/UI:N/S:C/C:H/I:H/A:H,web-dmz-02,4
CVE-2020-1472,CVSS:3.1/AV:N/AC:L/PR:N/UI:N/S:C/C:H/I:H/A:H,ad-dc-01,4
CVE-2019-0708,CVSS:3.1/AV:N/AC:L/PR:N/UI:N/S:U/C:H/I:H/A:H,rdp-jump-01,3
CVE-2017-0144,CVSS:3.1/AV:N/AC:H/PR:N/UI:N/S:U/C:H/I:H/A:H,edge-vpn-01,4
CVE-2021-26855,CVSS:3.1/AV:N/AC:L/PR:N/UI:N/S:U/C:H/I:H/A:H,exchange-01,3
CVE-2019-19781,CVSS:3.1/AV:N/AC:L/PR:N/UI:N/S:U/C:H/I:H/A:H,adc-lb-01,4
CVE-2018-13379,CVSS:3.1/AV:N/AC:L/PR:N/UI:N/S:U/C:H/I:H/A:H,sslvpn-gw-01,3
CVE-2017-5638,CVSS:3.1/AV:N/AC:L/PR:N/UI:N/S:U/C:H/I:H/A:H,app-struts-01,3
CVE-2014-0160,CVSS:3.1/AV:N/AC:L/PR:N/UI:N/S:U/C:H/I:N/A:N,web-dmz-01,4
CVE-2021-34527,CVSS:3.1/AV:N/AC:L/PR:L/UI:N/S:U/C:H/I:H/A:H,print-srv-01,2
CVE-2022-22965,CVSS:3.1/AV:N/AC:L/PR:N/UI:N/S:U/C:H/I:H/A:H,api-gw-02,3
CVE-2016-10033,CVSS:3.1/AV:N/AC:H/PR:N/UI:N/S:U/C:H/I:H/A:H,mail-relay-01,2
